"File","HasFrontmatter","HasTitle","HasSidebarTitle","HasH1"
"docs\Full_Index.md","False","False","False","True"
"docs\index.md","True","False","True","True"
"docs\START_HERE.md","True","False","True","True"
"docs\Art\Art_Direction_Guide.md","True","False","True","True"
"docs\Art\Camera_DeepDive_And_Settings.md","True","False","True","True"
"docs\Art\Visual_Hierarchy_In_Chaos.md","True","False","True","True"
"docs\Art\Visual_Quality_Guide.md","True","False","True","True"
"docs\Art\Tech_Art\Asset_Validation_Standards.md","True","False","True","True"
"docs\Art\Tech_Art\Bloom_PostProcessing_DeepDive.md","True","False","True","True"
"docs\Art\Tech_Art\HDR_DeepDive.md","True","False","True","True"
"docs\Art\UI_UX\Typography_And_Font_Guide.md","True","False","True","True"
"docs\Art\UI_UX\UI_Info_Density_Guide.md","True","False","True","True"
"docs\Art\UI_UX\UI_UX_Guidelines.md","True","False","True","True"
"docs\Art\VFX\Game_Feel_And_Juice.md","True","False","True","True"
"docs\Art\VFX\Unity_Particle_System_DeepDive.md","True","False","True","True"
"docs\Art\VFX\VFX_And_Game_Feel.md","True","False","True","True"
"docs\Art\VFX\VFX_Optimization_Guide.md","True","False","True","True"
"docs\Art\VFX\VFX_Standards.md","True","False","True","True"
"docs\Audio\Adaptive_Music_System.md","True","False","True","True"
"docs\Audio\AudioListener_Placement_Guide.md","True","False","True","True"
"docs\Audio\Audio_System_Design_and_Tricks.md","True","False","True","True"
"docs\Audio\Lightweight_Audio_Framework.md","True","False","True","True"
"docs\Audio\Practical_Guide.md","True","False","True","True"
"docs\Audio\Wwise_Middleware_Guide.md","True","False","True","True"
"docs\Case_Studies\Coop\Deep_Rock_Galactic.md","True","False","True","True"
"docs\Case_Studies\Failure\Anthem.md","True","False","True","True"
"docs\Case_Studies\Failure\Battleborn.md","True","False","True","True"
"docs\Case_Studies\Failure\Concord.md","True","False","True","True"
"docs\Case_Studies\Failure\Paragon.md","True","False","True","True"
"docs\Case_Studies\Failure\The_Day_Before.md","True","False","True","True"
"docs\Case_Studies\Hybrid\Dome_Keeper.md","True","False","True","True"
"docs\Case_Studies\Hybrid\Loop_Hero.md","True","False","True","True"
"docs\Case_Studies\Hybrid\Thronefall.md","True","False","True","True"
"docs\Case_Studies\Hybrid\Thronefall_Analysis.md","True","False","True","True"
"docs\Case_Studies\Magic_System\Magicka.md","True","False","True","True"
"docs\Case_Studies\Magic_System\Magicraft.md","True","False","True","True"
"docs\Case_Studies\Roguelike\Binding_of_Isaac.md","True","False","True","True"
"docs\Case_Studies\Roguelike\Brotato.md","True","False","True","True"
"docs\Case_Studies\Roguelike\Darkest_Dungeon.md","True","False","True","True"
"docs\Case_Studies\Roguelike\Dead_Cells.md","True","False","True","True"
"docs\Case_Studies\Roguelike\Enter_the_Gungeon.md","True","False","True","True"
"docs\Case_Studies\Roguelike\Hades.md","True","False","True","True"
"docs\Case_Studies\Roguelike\Noita.md","True","False","True","True"
"docs\Case_Studies\Roguelike\Risk_of_Rain_2.md","True","False","True","True"
"docs\Case_Studies\Roguelike\Slay_the_Spire.md","True","False","True","True"
"docs\Case_Studies\Sandbox\Factorio.md","True","False","True","True"
"docs\Case_Studies\Sandbox\Palworld.md","True","False","True","True"
"docs\Case_Studies\Survivors\Vampire_Survivors.md","True","False","True","True"
"docs\Case_Studies\Tower_Defense\Bloons_TD6.md","True","False","True","True"
"docs\Case_Studies\Tower_Defense\Kingdom_Rush.md","True","False","True","True"
"docs\Case_Studies\Tower_Defense\They_Are_Billions.md","True","False","True","True"
"docs\Design\Game_Psychology_DeepDive.md","True","False","True","True"
"docs\Design\Industry_CaseStudies.md","True","False","True","True"
"docs\Design\Numerical_Manual.md","True","False","True","True"
"docs\Design\Philosophy_And_Systems.md","True","False","True","True"
"docs\Design\Analytics\Data_Driven_Balance.md","True","True","True","True"
"docs\Design\Analytics\Event_Tracking_Design.md","True","True","True","True"
"docs\Design\Analytics\Numeric_Mining_Methods.md","True","True","True","True"
"docs\Design\CaseStudies\BangBangSurvivor_DeepDive.md","True","False","True","True"
"docs\Design\Content\Boss_Design_Philosophy.md","True","False","True","True"
"docs\Design\Content\Enemy_Bestiary.md","True","False","True","True"
"docs\Design\Content\Level_Design_Guide.md","True","False","True","True"
"docs\Design\Content\Level_Design_Theory.md","True","False","True","True"
"docs\Design\LiveOps\Advanced_LiveOps_Systems.md","True","False","True","True"
"docs\Design\LiveOps\Battle_Pass_Economy.md","True","False","True","True"
"docs\Design\LiveOps\Event_Cadence_Strategy.md","True","False","True","True"
"docs\Design\LiveOps\Wiki_And_Strategy_Station_Guide.md","True","False","True","True"
"docs\Design\Mechanics\Aggro_System.md","True","False","True","True"
"docs\Design\Mechanics\Combat_System.md","True","False","True","True"
"docs\Design\Mechanics\Difficulty_And_DDA_System.md","True","False","True","True"
"docs\Design\Mechanics\Elemental_Reaction_System.md","True","False","True","True"
"docs\Design\Mechanics\Roguelike_Perks.md","True","False","True","True"
"docs\Design\Mechanics\Tower_Defense_System.md","True","False","True","True"
"docs\Design\Mechanics\Unity_General_Numeric_Quick_Reference.md","True","False","True","True"
"docs\Design\Narrative\Game_Narrative_And_Presentation.md","True","False","True","True"
"docs\Design\Numerical\Cross_Genre_Balance_Models.md","True","True","True","True"
"docs\Design\Numerical\Game_Theory_In_Balance.md","True","True","True","True"
"docs\Design\Numerical\Numerical_Framework_Methodology.md","True","False","True","True"
"docs\Design\Philosophy_And_Systems\Hybrid_Genre_Analysis.md","True","False","True","True"
"docs\Design\Production\Design_Document_Templates.md","True","False","True","True"
"docs\Design\Production\Efficient_Game_Dev_Guide.md","True","False","True","True"
"docs\Design\Product_Strategy\Cross_Platform_Adaptation.md","True","True","True","True"
"docs\Design\Product_Strategy\F2P_vs_Premium_Economics.md","True","True","True","True"
"docs\Design\Product_Strategy\Screen_Orientation_Strategy.md","True","False","True","True"
"docs\Design\Psychology\Progression_Psychology.md","True","True","True","True"
"docs\Design\Psychology\Skinner_Box_and_Addiction.md","True","False","True","True"
"docs\Design\Systems\Achievement_And_Collection_System.md","True","False","True","True"
"docs\Design\Systems\Coop_Balance_Design.md","True","False","True","True"
"docs\Design\Systems\Economy_And_Inflation_Model.md","True","False","True","True"
"docs\Design\Systems\Itemization.md","True","False","True","True"
"docs\Design\Systems\Loot_Table_Rules.md","True","False","True","True"
"docs\Design\Systems\Mail_System_Design.md","True","False","True","True"
"docs\Design\Systems\Map_Affix_Library.md","True","False","True","True"
"docs\Design\Systems\Meta_Progression.md","True","False","True","True"
"docs\Design\Systems\POE_Map_Fragment_Design.md","True","False","True","True"
"docs\Design\Systems\Power_Creep_Management.md","True","False","True","True"
"docs\Design\Systems\Skill_Tree_Design.md","True","False","True","True"
"docs\Design\Systems\Tower_Defense_Affix_Library.md","True","False","True","True"
"docs\Design\Systems\TradeOff_Affix_Library.md","True","False","True","True"
"docs\Design\UX\Accessibility_Standards.md","True","False","True","True"
"docs\Design\UX\FTUE_Best_Practices.md","True","False","True","True"
"docs\Dev_Guides\Production_Lessons.md","True","False","True","True"
"docs\Dev_Guides\Project_Cheat_Sheet.md","True","False","True","True"
"docs\Dev_Guides\Unity_Practical_Tips.md","True","False","True","True"
"docs\Dev_Guides\Art_Pipeline\Art_Asset_Export_Standards.md","True","False","True","True"
"docs\Dev_Guides\Art_Pipeline\Indie_Team_Art_Strategy.md","True","False","True","True"
"docs\Dev_Guides\Art_Pipeline\UI_Production_Mastery.md","True","False","True","True"
"docs\Dev_Guides\Art_Pipeline\Unity_Greybox_Workflow.md","True","False","True","True"
"docs\Dev_Guides\Collaboration\Agile_For_Indie_Teams.md","True","False","True","True"
"docs\Dev_Guides\Collaboration\Beta_Testing_Guide.md","True","False","True","True"
"docs\Dev_Guides\Collaboration\GitHub_PR_Workflow.md","True","False","True","True"
"docs\Dev_Guides\Collaboration\Git_Advanced_Guide_For_Programmers.md","True","False","True","True"
"docs\Dev_Guides\Collaboration\Git_Commit_Standards.md","True","False","True","True"
"docs\Dev_Guides\Collaboration\Milestone_Planning.md","True","False","True","True"
"docs\Dev_Guides\Collaboration\Remote_Collaboration.md","True","False","True","True"
"docs\Dev_Guides\Collaboration\SVN_vs_Git_Migration_Guide.md","True","False","True","True"
"docs\Dev_Guides\Community\Community_Crisis_Management.md","True","False","True","True"
"docs\Dev_Guides\Debugging\Sherlock_Holmes_Debugging_Guide.md","True","False","True","True"
"docs\Dev_Guides\Publishing\Launch_Readiness_Checklist.md","True","False","True","True"
"docs\Dev_Guides\Publishing\Steam_Strategy.md","True","False","True","True"
"docs\Dev_Guides\Publishing\Steam_Unity_Indie_Game_Guide.md","True","False","True","True"
"docs\Dev_Guides\Publishing\Steam_Unity_Quality_Standards.md","True","False","True","True"
"docs\Dev_Guides\Publishing\Steam_Unity_Steamworks_Checklist.md","True","False","True","True"
"docs\Dev_Guides\Publishing\TapTap_Strategy.md","True","False","True","True"
"docs\Dev_Guides\Technical_Implementation\ECS_Performance_Optimization.md","True","False","True","True"
"docs\Dev_Guides\Technical_Implementation\Game_Analytics_Guide.md","True","False","True","True"
"docs\Dev_Guides\Technical_Implementation\Game_Dev_Best_Practices.md","True","False","True","True"
"docs\Dev_Guides\Technical_Implementation\GPU_Instancing_Guide.md","True","False","True","True"
"docs\Dev_Guides\Technical_Implementation\Loot_Reservoir_Algorithm.md","True","False","True","True"
"docs\Dev_Guides\Technical_Implementation\PRD_Algorithm_Complete.md","True","False","True","True"
"docs\Dev_Guides\Technical_Implementation\Procedural_Generation_WFC.md","True","False","True","True"
"docs\Dev_Guides\Technical_Implementation\ScriptableObject_vs_Excel_Workflow.md","True","False","True","True"
"docs\Dev_Guides\Technical_Implementation\Skill_Animation_Pipeline.md","True","False","True","True"
"docs\Dev_Guides\Technical_Implementation\Skill_Text_Localization_System.md","True","False","True","True"
"docs\Dev_Guides\Technical_Implementation\Terrain_3D_vs_2D_Analysis.md","True","False","True","True"
"docs\Dev_Guides\Testing\Roguelike_Rapid_Testing_System.md","True","False","True","True"
"docs\Dev_Guides\Tools\AI_Balance_Testing.md","True","False","True","True"
"docs\Dev_Guides\Tools\Automated_Wiki_Generation.md","True","False","True","True"
"docs\Dev_Guides\Tools\Combat_Simulation_System.md","True","False","True","True"
"docs\Dev_Guides\Tools\Debug_Console_And_Cheats.md","True","True","True","True"
"docs\Dev_Guides\Tools\Excel_Numerical_Templates.md","True","False","True","True"
"docs\Dev_Guides\Tools\Game_Dev_Toolchain_Guide.md","False","False","False","True"
"docs\Dev_Guides\Tools\Monte_Carlo_Simulation.md","True","False","True","True"
"docs\Dev_Guides\Tools\Numerical_Calculator_Suite.md","True","False","True","True"
"docs\Dev_Guides\Tools\Odin_Inspector_Advanced_Techniques.md","True","False","True","True"
"docs\Dev_Guides\Tools\Odin_Luban_Integration_Guide.md","True","False","True","True"
"docs\Dev_Guides\Tools\Performance_Monitoring_Scripts.md","True","False","True","True"
"docs\Dev_Guides\Tools\Unity_PRD_Plugin.md","True","False","True","True"
"docs\Guides\Collaboration\Git_Complete_Guide.md","False","False","False","True"
"docs\Guides\Publishing\Steam_Complete_Guide.md","False","False","False","True"
"docs\Research\Research_TODO.md","False","False","False","True"
"docs\Research\Roguelike强化系统深度分析报告.md","False","False","False","True"
"docs\Research\TODO.md","False","False","False","True"
"docs\Tech\AI_Utility_System.md","True","False","True","True"
"docs\Tech\FSM_Design_Patterns.md","True","False","True","True"
"docs\Tech\Gameplay_Ability_System_Design.md","True","False","True","True"
"docs\Tech\Hot_Update_And_Resources.md","True","False","True","True"
"docs\Tech\Input_System_Design.md","True","False","True","True"
"docs\Tech\Luban_Config_Guide.md","True","False","True","True"
"docs\Tech\Mobile_Optimization_Guide.md","True","False","True","True"
"docs\Tech\Modding_System_Architecture.md","True","False","True","True"
"docs\Tech\Network_Architecture.md","True","False","True","True"
"docs\Tech\Performance_Budget.md","True","False","True","True"
"docs\Tech\Save_System_Architecture.md","True","False","True","True"
"docs\Tech\Algorithms\Common_Game_Algorithms.md","False","False","False","True"
"docs\Tech\Algorithms\Procedural_Generation_Complete.md","True","False","True","True"
"docs\Tech\Algorithms\Procedural_Generation_Guide.md","True","False","True","True"
"docs\Tech\Algorithms\Roguelike_RNG_Systems.md","True","False","True","True"
"docs\Tech\Architecture\Decision_System.md","False","False","False","True"
"docs\Tech\Architecture\Decision_System_Diagrams.md","True","False","True","True"
"docs\Tech\Architecture\ECS_Complete_Guide.md","False","False","False","True"
"docs\Tech\Architecture\ECS_Theory_And_Practice.md","True","False","True","True"
"docs\Tech\Architecture\Game_Design_Patterns_Practice.md","True","False","True","True"
"docs\Tech\Architecture\Unified_Decision_System.md","True","False","True","True"
"docs\Tech\Architecture\Unity_Anti_Patterns.md","True","False","True","True"
"docs\Tech\Code_Snippets\AggroSystem_Refactor_Demo.md","True","False","True","True"
"docs\Tech\Code_Snippets\DecisionSystem_Core_Classes.md","True","False","True","True"
"docs\Tech\Code_Snippets\DecisionSystem_Performance_Demo.md","True","False","True","True"
"docs\Tech\Code_Snippets\PerkDrafting_Refactor_Demo.md","True","False","True","True"
"docs\Tech\Code_Snippets\TowerPlacementValidation_Demo.md","True","False","True","True"
"docs\Tech\Code_Snippets\TowerTargeting_Refactor_Demo.md","True","False","True","True"
"docs\Tech\Graphics\Compute_Shader_Mobile_Guide.md","True","False","True","True"
"docs\Tech\Graphics\Linear_vs_Gamma_Rendering.md","True","False","True","True"
"docs\Tech\Graphics\Particle_Blending_Modes.md","True","False","True","True"
"docs\Tech\Graphics\Shader_Math_Patterns.md","False","False","False","True"
"docs\Tech\Graphics\Unity_SpriteAtlas_DeepDive.md","True","False","True","True"
"docs\Tech\Math\Game_Curves_DeepDive.md","True","False","True","True"
"docs\Tech\Mechanics\Aim_Assist_System.md","True","False","True","True"
"docs\Tech\Mechanics\Combo_System_Design.md","True","False","True","True"
"docs\Tech\Mechanics\Damage_Judgment_Mechanisms_Guide.md","True","False","True","True"
"docs\Tech\Mechanics\Movement_And_Dash_System.md","True","False","True","True"
"docs\Tech\Mechanics\NavMesh_Pathfinding_Guide.md","False","False","False","True"
"docs\Tech\Mechanics\Projectile_System_DeepDive.md","True","False","True","True"
"docs\Tech\Mechanics\Targeting_Pipeline_DeepDive.md","True","False","True","True"
"docs\Tech\Mechanics\Targeting_System_Complete.md","False","False","False","True"
"docs\Tech\Mechanics\Targeting_System_DeepDive.md","True","False","True","True"
"docs\Tech\Mechanics\Unity_HUD_HealthBar_DeepDive.md","False","False","False","True"
"docs\Tech\Mechanics\Unity_RectTransform_DeepDive.md","True","False","True","True"
"docs\Tech\Mechanics\Unity_Transform_Math_Guide.md","False","False","False","True"
"docs\Tech\Mobile_Optimization\Device_Grading_And_Scalability.md","True","False","True","True"
"docs\Tech\Optimization\Unity_Advanced_CSharp_Performance.md","True","False","True","True"
"docs\Tech\Performance\Mobile_Optimization_Complete.md","False","False","False","True"
"docs\Tools\Odin_Inspector_Complete.md","False","False","False","True"
"docs\Unity_Standards\Asset_Management.md","True","False","True","True"
"docs\Unity_Standards\Asset_Naming.md","True","False","True","True"
"docs\Unity_Standards\Folder_Structure.md","True","False","True","True"
"docs\Unity_Standards\Standard_Resource_Workflow.md","True","False","True","True"
